{"cameraMode":{"drawMode":0,"name":"Shaded","section":"Shading Mode"},"sceneLighting":true,"audioPlay":false,"sceneViewState":{"showFog":true,"showMaterialUpdate":false,"showSkybox":true,"showFlares":true,"showImageEffects":true,"showParticleSystems":true},"in2DMode":false,"pivot":{"x":525.990478515625,"y":243.09219360351563,"z":74.560791015625},"rotation":{"x":0.08715969324111939,"y":-0.029886161908507348,"z":0.002616008510813117,"w":0.9957444071769714},"size":373.9769287109375,"orthographic":false}