{"hotspotdatas":["{\"start_time\":2.4607896421675385,\"end_time\":127.1686019897461,\"name\":\"\",\"text\":\"\",\"url_photo\":\"\",\"url_video\":\"\",\"worldPosition\":{\"x\":16.609119415283204,\"y\":2.3614439964294435,\"z\":-11.382336616516114},\"rot\":{\"x\":-0.4654143452644348,\"y\":-0.051612213253974918,\"z\":0.8831681609153748,\"w\":-0.02719874493777752}}","{\"start_time\":12.262239911817903,\"end_time\":127.1686019897461,\"name\":\"\",\"text\":\"\",\"url_photo\":\"\",\"url_video\":\"\",\"worldPosition\":{\"x\":-4.065025806427002,\"y\":-1.303938627243042,\"z\":20.440065383911134},\"rot\":{\"x\":0.9947008490562439,\"y\":0.0030613227281719448,\"z\":0.09795161336660385,\"w\":-0.03108779899775982}}","{\"start_time\":1.7934568578509179,\"end_time\":127.1686019897461,\"name\":\"\",\"text\":\"\",\"url_photo\":\"\",\"url_video\":\"\",\"worldPosition\":{\"x\":15.615867614746094,\"y\":-6.831880569458008,\"z\":12.203750610351563},\"rot\":{\"x\":0.8864701986312866,\"y\":-0.0724174901843071,\"z\":-0.4322884678840637,\"w\":-0.14850255846977235}}","{\"start_time\":10.802449446125296,\"end_time\":127.1686019897461,\"name\":\"\",\"text\":\"\",\"url_photo\":\"\",\"url_video\":\"\",\"worldPosition\":{\"x\":3.4764559268951418,\"y\":2.4679934978485109,\"z\":20.19243621826172},\"rot\":{\"x\":0.9945794939994812,\"y\":0.005100233014672995,\"z\":-0.08499129116535187,\"w\":0.059683606028556827}}","{\"start_time\":1.3346655686332412,\"end_time\":127.1686019897461,\"name\":\"\",\"text\":\"\",\"url_photo\":\"\",\"url_video\":\"\",\"worldPosition\":{\"x\":17.259992599487306,\"y\":-3.0689890384674074,\"z\":12.182975769042969},\"rot\":{\"x\":0.8855725526809692,\"y\":-0.03315575793385506,\"z\":-0.4588766396045685,\"w\":-0.06398631632328034}}","{\"start_time\":10.802449446125296,\"end_time\":127.1686019897461,\"name\":\"\",\"text\":\"\",\"url_photo\":\"\",\"url_video\":\"\",\"worldPosition\":{\"x\":-6.839615821838379,\"y\":-6.2340617179870609,\"z\":18.208942413330079},\"rot\":{\"x\":0.9720978140830994,\"y\":0.027600133791565896,\"z\":0.17654713988304139,\"w\":-0.15197092294692994}}"]}